{
  "shap_local": {
    "img_id": "PAT_684_1302_588.png",
    "real": "BCC",
    "pred": "BCC",
    "prob": 0.9218644499778748,
    "contribuciones": {
      "background_mother": 0.15309240159294457,
      "bleed": 0.05463411087374698,
      "has_sewage_system": 0.05208239654262447,
      "region": 0.039613352112734805,
      "skin_cancer_history": 0.03592223312845156,
      "elevation": 0.03479770018774146,
      "fitspatrick": 0.032346672982731896,
      "pesticide": 0.025203223424691012,
      "smoke": 0.0,
      "drink": 0.0
    }
  },
  "shap_global": {
    "age": 0.08347573129825742,
    "region": 0.046472465405293956,
    "grew": 0.03930893694644436,
    "background_mother": 0.034901357528368246,
    "changed": 0.030828166875163068,
    "diameter_1": 0.026768591418427683,
    "elevation": 0.024040635122565674,
    "bleed": 0.023780800965708403,
    "has_sewage_system": 0.023020835048471334,
    "background_father": 0.02193311925802803,
    "diameter_2": 0.018574204652223425,
    "hurt": 0.015101645019131114,
    "itch": 0.01331968470856051,
    "fitspatrick": 0.012794732046593475,
    "pesticide": 0.0125534862833528
  },
  "shap_magnitud_maxima": 0.08347573129825742
}