{
  "backbone": "efficientnet_b2",
  "arch_kwargs": {
    "n_tabular_features": 87,
    "n_classes": 6,
    "backbone": "efficientnet_b2",
    "unfreeze_blocks": 2,
    "tab_hidden": 64,
    "tab_out": 64,
    "fusion_hidden": 128,
    "dropout": 0.4983217515498858
  },
  "splits": {
    "val": {
      "n": 329,
      "macro_f1": 0.784322016611425,
      "balanced_acc": 0.768533276487822,
      "accuracy": 0.8237082066869301,
      "report": {
        "ACK": {
          "precision": 0.925531914893617,
          "recall": 0.8285714285714286,
          "f1-score": 0.8743718592964824,
          "support": 105.0
        },
        "BCC": {
          "precision": 0.8253968253968254,
          "recall": 0.859504132231405,
          "f1-score": 0.8421052631578947,
          "support": 121.0
        },
        "MEL": {
          "precision": 1.0,
          "recall": 0.625,
          "f1-score": 0.7692307692307693,
          "support": 8.0
        },
        "NEV": {
          "precision": 0.8888888888888888,
          "recall": 0.9142857142857143,
          "f1-score": 0.9014084507042254,
          "support": 35.0
        },
        "SCC": {
          "precision": 0.35294117647058826,
          "recall": 0.4444444444444444,
          "f1-score": 0.39344262295081966,
          "support": 27.0
        },
        "SEK": {
          "precision": 0.9117647058823529,
          "recall": 0.9393939393939394,
          "f1-score": 0.9253731343283582,
          "support": 33.0
        },
        "accuracy": 0.8237082066869301,
        "macro avg": {
          "precision": 0.8174205852553788,
          "recall": 0.768533276487822,
          "f1-score": 0.784322016611425,
          "support": 329.0
        },
        "weighted avg": {
          "precision": 0.8382450611148338,
          "recall": 0.8237082066869301,
          "f1-score": 0.8284716968061943,
          "support": 329.0
        }
      },
      "confusion": [
        [
          87,
          8,
          0,
          0,
          10,
          0
        ],
        [
          4,
          104,
          0,
          0,
          11,
          2
        ],
        [
          0,
          1,
          5,
          2,
          0,
          0
        ],
        [
          0,
          1,
          0,
          32,
          1,
          1
        ],
        [
          2,
          12,
          0,
          1,
          12,
          0
        ],
        [
          1,
          0,
          0,
          1,
          0,
          31
        ]
      ],
      "recall_maligno": 0.9294871794871795,
      "precision_maligno": 0.8787878787878788,
      "confusion_binaria": [
        [
          153,
          20
        ],
        [
          11,
          145
        ]
      ]
    },
    "test": {
      "n": 329,
      "macro_f1": 0.6899327601410935,
      "balanced_acc": 0.7027793062552421,
      "accuracy": 0.7598784194528876,
      "report": {
        "ACK": {
          "precision": 0.8958333333333334,
          "recall": 0.8269230769230769,
          "f1-score": 0.86,
          "support": 104.0
        },
        "BCC": {
          "precision": 0.7709923664122137,
          "recall": 0.8347107438016529,
          "f1-score": 0.8015873015873016,
          "support": 121.0
        },
        "MEL": {
          "precision": 0.6666666666666666,
          "recall": 0.8571428571428571,
          "f1-score": 0.75,
          "support": 7.0
        },
        "NEV": {
          "precision": 0.7297297297297297,
          "recall": 0.7714285714285715,
          "f1-score": 0.75,
          "support": 35.0
        },
        "SCC": {
          "precision": 0.2692307692307692,
          "recall": 0.25,
          "f1-score": 0.25925925925925924,
          "support": 28.0
        },
        "SEK": {
          "precision": 0.7666666666666667,
          "recall": 0.6764705882352942,
          "f1-score": 0.71875,
          "support": 34.0
        },
        "accuracy": 0.7598784194528876,
        "macro avg": {
          "precision": 0.6831865886732299,
          "recall": 0.7027793062552421,
          "f1-score": 0.6899327601410935,
          "support": 329.0
        },
        "weighted avg": {
          "precision": 0.760696286975319,
          "recall": 0.7598784194528876,
          "f1-score": 0.7587502211286407,
          "support": 329.0
        }
      },
      "confusion": [
        [
          86,
          11,
          0,
          2,
          4,
          1
        ],
        [
          3,
          101,
          1,
          2,
          14,
          0
        ],
        [
          0,
          0,
          6,
          1,
          0,
          0
        ],
        [
          0,
          1,
          1,
          27,
          0,
          6
        ],
        [
          3,
          17,
          1,
          0,
          7,
          0
        ],
        [
          4,
          1,
          0,
          5,
          1,
          23
        ]
      ],
      "recall_maligno": 0.9423076923076923,
      "precision_maligno": 0.8855421686746988,
      "confusion_binaria": [
        [
          154,
          19
        ],
        [
          9,
          147
        ]
      ]
    }
  },
  "auc": {
    "ACK": 0.957991452991453,
    "BCC": 0.931301652892562,
    "MEL": 0.9853593611357586,
    "NEV": 0.9696793002915453,
    "SCC": 0.7929520645467489,
    "SEK": 0.951246261216351,
    "maligno_vs_benigno": 0.9574255224544242
  },
  "auc_macro": 0.9314216821790698,
  "umbral_optimo_maligno": {
    "umbral": 0.46739524602890015,
    "sensibilidad": 0.9551282051282052,
    "especificidad": 0.8901734104046243
  },
  "run_id": "5a0b57cf06d84847a90d51faa662577e",
  "mejor_epoca": 13,
  "runs_mlflow": [
    {
      "run": "5a0b57cf",
      "backbone": "efficientnet_b2",
      "f1": 0.784322016611425
    },
    {
      "run": "41bbedd5",
      "backbone": "efficientnet_b0",
      "f1": 0.7708453431782211
    },
    {
      "run": "95af39a4",
      "backbone": "efficientnet_b0",
      "f1": 0.6500735341657314
    }
  ]
}